{"ax_scale": 0.001192752067567948, "ay_scale": 0.0011871364200602235, "az_scale": 0.001180842335279502, "ax_bias": -0.21213552743321828, "ay_bias": -0.06108109708193459, "az_bias": -0.6494166411314827, "gx_scale": 0.0002663161090079238, "gy_scale": 0.0002663161090079238, "gz_scale": 0.0002663161090079238, "gx_bias": -0.026477946505894807, "gy_bias": 0.04844401875619917, "gz_bias": 0.014933835602284732}