{
    "gz_bias": 0.014013660182440551,
    "gy_bias": 0.04380958582724328,
    "ay_scale": 0.0011836148852120611,
    "gx_bias": -0.030838713001234152,
    "gy_scale": 0.0002663161090079238,
    "az_bias": -0.47479669761828647,
    "az_scale": 0.001180781032611021,
    "gx_scale": 0.0002663161090079238,
    "ax_scale": 0.001189356280204607,
    "ay_bias": -0.2419925488728648,
    "ax_bias": -0.17095985575103076,
    "gz_scale": 0.0002663161090079238
}